"age","len"
1,0.487229676748422
2,1.65010414331636
3,2.72364819771067
4,4.16892161164429
5,3.81060932597663
6,4.3713541471088
7,7.26839358372903
8,9.61446350106437
9,7.85842843416804
10,10.8398360280174
11,8.66537505315801
12,12.7915827873905
13,13.5379553333464
14,14.2866629118366
15,14.7126128153325
16,14.5537633455557
17,16.4739640216938
18,16.7342316028265
19,19.1905178331899
20,18.9130730616207
